lot_id,sku_id,location_id,qty_on_hand,production_date,expiry_date,category,unit_cost,standard_shelf_life_days,total_lot_value,actual_days_remaining,eligible_unfi,eligible_walmart,eligible_discount_partner,eligible_rodriguez_figueroa_and_sanchez,eligible_doyle_ltd,is_at_risk,financial_risk_exposure,drain_rate_daily,risk_multiplier,capital_cost_daily,storage_cost_daily,cumulative_drain,projected_total_drain,days_to_expiry,break_even_days,days_to_ineligibility
LOT-00154,SKU-0038,LOC-04,1962,2025-02-17,2025-04-16,Dairy,10.08,58,19776.96,20,False,False,True,False,False,True,19776.96,263.92931506849317,5.0,13.545863013698629,39.24,99501.35178082192,0.0,0,22.479837067209772,-28.5
LOT-00023,SKU-0040,LOC-03,1945,2025-02-25,2025-04-23,Dairy,7.39,57,14373.55,27,False,False,True,False,False,True,14373.55,243.72448630136986,5.0,9.844897260273973,38.9,89934.33544520548,0.0,0,17.692374965837658,-20.75
LOT-00006,SKU-0042,LOC-04,1949,2025-02-24,2025-04-02,Dairy,6.27,37,12220.23,6,False,False,False,False,False,True,12220.23,236.75010273972603,5.0,8.370020547945206,38.980000000000004,87597.53801369864,0.0,0,15.484973216802931,-26.75
LOT-00139,SKU-0006,LOC-02,1843,2025-02-17,2025-03-28,Dairy,7.25,39,13361.75,1,False,False,False,False,False,True,13361.75,230.05941780821917,5.0,9.151883561643835,36.86,86732.40051369862,0.0,0,17.4238683127572,-33.25
LOT-00194,SKU-0031,LOC-01,1709,2025-02-24,2025-04-17,Dairy,9.61,52,16423.489999999998,21,False,False,True,False,False,True,16423.489999999998,227.14482876712327,5.0,11.248965753424656,34.18,84043.58664383562,0.0,0,21.691213604741044,-23.0
LOT-00147,SKU-0017,LOC-05,1911,2025-02-25,2025-06-11,Snacks,4.86,106,9287.460000000001,76,False,True,True,False,False,True,9287.460000000001,222.90636986301368,5.0,6.36127397260274,38.22,82252.45047945205,0.0,0,12.499588960657665,-8.5
LOT-00048,SKU-0020,LOC-04,1884,2025-02-25,2025-03-28,Dairy,5.25,31,9891.0,1,False,False,False,False,False,True,9891.0,222.27328767123288,5.0,6.774657534246575,37.68,82018.84315068493,0.0,0,13.349782293178519,-27.25
LOT-00039,SKU-0012,LOC-02,1996,2025-02-12,2026-02-06,Beverage,3.29,359,6566.84,316,True,True,True,True,True,False,0.0,222.0891780821918,5.0,4.497835616438357,39.92,84838.06602739728,0.0,0,8.870544783010155,41.75
LOT-00180,SKU-0059,LOC-03,1974,2025-02-18,2025-06-03,Snacks,3.61,105,7126.139999999999,68,False,False,True,False,False,True,7126.139999999999,221.80458904109594,5.0,4.880917808219178,39.480000000000004,83398.52547945207,0.0,0,9.63840292593721,-15.75
LOT-00040,SKU-0059,LOC-01,1955,2025-02-12,2025-05-28,Snacks,3.61,105,7057.55,62,False,False,True,False,False,True,7057.55,219.66969178082192,5.0,4.833938356164384,39.1,83913.82226027397,0.0,0,9.638402925937214,-21.75
LOT-00190,SKU-0037,LOC-03,1868,2025-02-25,2025-03-29,Dairy,4.9,32,9153.2,2,False,False,False,False,False,True,9153.2,218.14657534246575,5.0,6.269315068493151,37.36,80496.08630136987,0.0,0,12.587683284457478,-27.0
LOT-00067,SKU-0046,LOC-05,1909,2025-02-09,2025-06-26,Snacks,3.66,137,6986.9400000000005,91,False,True,True,False,False,True,6986.9400000000005,214.82787671232876,5.0,4.785575342465754,38.18,82708.73253424658,0.0,0,9.757029823493609,-16.75
LOT-00087,SKU-0054,LOC-01,1912,2025-02-24,2025-10-30,Beverage,2.64,248,5047.68,217,True,True,True,True,True,False,0.0,208.48657534246576,5.0,3.457315068493151,38.24,77140.03287671233,0.0,0,7.263316582914573,26.0
LOT-00027,SKU-0039,LOC-01,1820,2025-02-08,2025-07-27,Snacks,4.12,169,7498.400000000001,122,False,True,True,True,False,True,7498.400000000001,207.6794520547945,5.0,5.135890410958904,36.4,80164.26849315068,0.0,0,10.83169267707083,-9.75
LOT-00138,SKU-0029,LOC-05,1827,2025-02-20,2025-06-19,Snacks,3.78,119,6906.0599999999995,84,False,True,True,False,False,True,6906.0599999999995,206.35089041095887,5.0,4.73017808219178,36.54,77175.23301369861,0.0,0,10.040266828380837,-10.25
LOT-00195,SKU-0060,LOC-04,1983,2025-01-30,2025-07-24,Snacks,1.12,175,2220.96,119,False,True,True,False,False,True,2220.96,205.9060273972603,5.0,1.5212054794520549,39.660000000000004,81332.88082191782,0.0,0,3.2358839050131922,-17.25
LOT-00192,SKU-0005,LOC-02,1981,2025-01-14,2025-08-21,Beverage,0.97,219,1921.57,147,False,True,True,False,False,True,1921.57,204.68071917808217,5.0,1.3161438356164383,39.62,84123.77558219177,0.0,0,2.816440172356646,-22.25
LOT-00141,SKU-0005,LOC-01,1972,2025-02-06,2025-09-13,Beverage,0.97,219,1912.84,170,True,True,True,True,True,False,0.0,203.7508219178082,5.0,1.3101643835616439,39.44,79055.31890410958,0.0,0,2.816440172356646,0.75
LOT-00129,SKU-0033,LOC-05,1987,2025-02-13,2025-06-21,Snacks,0.61,128,1212.07,86,False,True,True,False,False,True,1212.07,202.85092465753425,5.0,0.8301849315068492,39.74,77286.20229452055,0.0,0,1.7925528346192552,-15.0
LOT-00011,SKU-0007,LOC-04,1824,2025-02-20,2025-06-16,Snacks,3.25,116,5928.0,81,False,True,True,False,False,True,5928.0,202.70136986301372,5.0,4.06027397260274,36.480000000000004,75810.31232876713,0.0,0,8.773497688751924,-11.0
LOT-00072,SKU-0027,LOC-02,1761,2025-02-25,2025-06-05,Snacks,4.38,100,7713.179999999999,70,False,True,True,False,False,True,7713.179999999999,202.515,5.0,5.2829999999999995,35.22,74728.03499999999,0.0,0,11.426086956521738,-10.0
LOT-00076,SKU-0046,LOC-04,1779,2025-02-07,2025-06-24,Snacks,3.66,137,6511.14,89,False,False,True,False,False,True,6511.14,200.19842465753425,5.0,4.45968493150685,35.58,77476.79034246576,0.0,0,9.75702982349361,-18.75
LOT-00200,SKU-0004,LOC-01,1761,2025-01-24,2025-07-26,Beverage,3.89,183,6850.29,121,False,True,True,False,False,True,6850.29,199.55989726027397,5.0,4.691979452054794,35.22,80023.51880136986,0.0,0,10.298096101541251,-21.25
LOT-00146,SKU-0037,LOC-02,1707,2025-02-23,2025-03-27,Dairy,4.9,32,8364.300000000001,0,False,False,False,False,False,False,0.0,199.34486301369867,5.0,5.728972602739727,34.14,73956.94417808221,0.0,0,12.587683284457478,-29.0
LOT-00104,SKU-0050,LOC-05,1877,2025-02-25,2025-05-30,Snacks,1.75,94,3284.75,64,False,True,True,False,False,True,3284.75,198.94914383561644,5.0,2.2498287671232875,37.54,73412.23407534247,0.0,0,4.953150242326332,-11.5
LOT-00074,SKU-0042,LOC-02,1630,2025-02-25,2025-04-03,Dairy,6.27,37,10220.099999999999,7,False,False,False,False,False,True,10220.099999999999,198.00034246575342,5.0,7.000068493150684,32.6,73062.126369863,0.0,0,15.48497321680293,-25.75
LOT-00171,SKU-0014,LOC-02,1796,2025-02-10,2025-05-22,Snacks,2.73,101,4903.08,56,False,False,True,False,False,True,4903.08,196.3913698630137,5.0,3.3582739726027397,35.92,75414.28602739726,0.0,0,7.48975884747886,-24.75
LOT-00151,SKU-0012,LOC-01,1760,2024-11-23,2025-11-17,Beverage,3.29,359,5790.4,235,False,True,True,False,False,True,5790.4,195.8301369863014,5.0,3.9660273972602735,35.2,90669.35342465754,0.0,0,8.870544783010155,-39.25
LOT-00095,SKU-0056,LOC-05,1891,2025-01-15,2025-09-11,Beverage,0.99,239,1872.09,168,False,True,True,True,False,True,1872.09,195.51126712328767,5.0,1.2822534246575341,37.82,80159.61952054795,0.0,0,2.872606823451474,-16.25
LOT-00046,SKU-0059,LOC-05,1724,2025-02-11,2025-05-27,Snacks,3.61,105,6223.639999999999,61,False,False,True,False,False,True,6223.639999999999,193.7138356164384,5.0,4.262767123287671,34.480000000000004,74192.39904109591,0.0,0,9.63840292593721,-22.75
LOT-00085,SKU-0053,LOC-01,1835,2025-02-04,2025-12-22,Beverage,1.18,321,2165.2999999999997,270,True,True,True,True,True,False,0.0,190.91541095890415,5.0,1.4830821917808217,36.7,74457.01027397261,0.0,0,3.402501645819617,24.25
LOT-00034,SKU-0027,LOC-01,1645,2025-02-19,2025-05-30,Snacks,4.38,100,7205.099999999999,64,False,False,True,False,False,True,7205.099999999999,189.175,5.0,4.935,32.9,70940.625,0.0,0,11.426086956521736,-16.0
LOT-00136,SKU-0036,LOC-03,1412,2025-02-25,2025-04-08,Dairy,9.56,42,13498.720000000001,12,False,False,True,False,False,True,13498.720000000001,187.42849315068494,5.0,9.245698630136987,28.240000000000002,69161.11397260275,0.0,0,21.606191950464396,-24.5
LOT-00049,SKU-0040,LOC-02,1484,2025-02-19,2025-04-17,Dairy,7.39,57,10966.76,21,False,False,True,False,False,True,10966.76,185.95739726027398,5.0,7.511479452054795,29.68,69734.02397260274,0.0,0,17.692374965837658,-26.75
LOT-00024,SKU-0003,LOC-01,1458,2025-02-16,2025-04-13,Dairy,8.01,56,11678.58,17,False,False,True,False,False,True,11678.58,185.79513698630137,5.0,7.999027397260274,29.16,70230.56178082192,0.0,0,18.857188927707604,-30.0
LOT-00054,SKU-0016,LOC-03,1720,2025-02-19,2025-10-14,Beverage,2.22,237,3818.4000000000005,201,True,True,True,True,True,False,0.0,185.0767123287671,5.0,2.615342465753425,34.4,69403.76712328766,0.0,0,6.189433481858691,18.25
LOT-00110,SKU-0049,LOC-04,1662,2025-02-11,2025-05-15,Snacks,3.24,93,5384.88,49,False,False,True,False,False,True,5384.88,184.6413698630137,5.0,3.68827397260274,33.24,70717.64465753424,0.0,0,8.749198520345253,-25.75
LOT-00126,SKU-0020,LOC-04,1546,2025-02-25,2025-03-28,Dairy,5.25,31,8116.5,1,False,False,False,False,False,True,8116.5,182.39623287671233,5.0,5.559246575342466,30.92,67304.20993150685,0.0,0,13.349782293178519,-27.25
LOT-00096,SKU-0002,LOC-01,1741,2025-02-03,2025-05-18,Snacks,1.2,104,2089.2,52,False,False,True,False,False,True,2089.2,181.25479452054793,5.0,1.430958904109589,34.82,70870.62465753424,0.0,0,3.4578947368421047,-31.0
LOT-00197,SKU-0001,LOC-04,1601,2025-02-11,2025-08-06,Snacks,3.79,176,6067.79,132,False,True,True,True,True,True,6067.79,180.88010273972603,5.0,4.1560205479452055,32.02,69277.07934931507,0.0,0,10.063776902091544,-5.0
LOT-00193,SKU-0013,LOC-02,1599,2025-01-29,2025-05-07,Snacks,3.58,98,5724.42,41,False,False,True,False,False,True,5724.42,179.5041780821918,5.0,3.920835616438356,31.98,71083.65452054795,0.0,0,9.56705308114704,-37.5
LOT-00115,SKU-0059,LOC-05,1590,2025-02-10,2025-05-26,Snacks,3.61,105,5739.9,60,False,False,True,False,False,True,5739.9,178.6571917808219,5.0,3.9314383561643833,31.8,68604.36164383561,0.0,0,9.638402925937214,-23.75
LOT-00002,SKU-0011,LOC-03,1739,2025-02-13,2025-05-29,Snacks,0.79,105,1373.8100000000002,63,False,False,True,False,False,True,1373.8100000000002,178.60482876712328,5.0,0.9409657534246576,34.78,68048.43976027396,0.0,0,2.3075691897299104,-20.75
LOT-00012,SKU-0036,LOC-02,1342,2025-02-22,2025-04-05,Dairy,9.56,42,12829.52,9,False,False,True,False,False,True,12829.52,178.13671232876715,5.0,8.787342465753426,26.84,66266.85698630138,0.0,0,21.606191950464392,-27.5
LOT-00013,SKU-0002,LOC-02,1693,2025-02-20,2025-06-04,Snacks,1.2,104,2031.6,69,False,False,True,False,False,True,2031.6,176.25753424657535,5.0,1.3915068493150684,33.86,65920.31780821917,0.0,0,3.4578947368421047,-14.0
LOT-00182,SKU-0055,LOC-04,1709,2025-02-15,2025-07-03,Snacks,0.91,138,1555.19,98,False,True,True,True,False,True,1555.19,176.22599315068493,5.0,1.0651986301369862,34.18,66789.6514041096,0.0,0,2.6474925273995353,-10.5
LOT-00102,SKU-0026,LOC-05,1698,2025-02-05,2025-12-25,Beverage,0.57,323,967.8599999999999,273,True,True,True,True,True,False,0.0,173.11458904109588,5.0,0.662917808219178,33.96,67341.5751369863,0.0,0,1.6772589855559286,25.75
LOT-00044,SKU-0038,LOC-05,1283,2025-02-24,2025-04-23,Dairy,10.08,58,12932.64,27,False,False,True,False,False,True,12932.64,172.58986301369862,5.0,8.857972602739725,25.66,63858.24931506849,0.0,0,22.479837067209775,-21.5
LOT-00185,SKU-0011,LOC-04,1651,2025-02-01,2025-05-17,Snacks,0.79,105,1304.29,51,False,False,True,False,False,True,1304.29,169.56674657534248,5.0,0.8933493150684931,33.02,66639.7314041096,0.0,0,2.3075691897299095,-32.75
LOT-00132,SKU-0031,LOC-01,1274,2025-02-20,2025-04-13,Dairy,9.61,52,12243.14,17,False,False,True,False,False,True,12243.14,169.32856164383563,5.0,8.385712328767124,25.48,63328.88205479452,0.0,0,21.69121360474104,-27.0
LOT-00047,SKU-0060,LOC-03,1629,2025-01-30,2025-07-24,Snacks,1.12,175,1824.4800000000002,119,False,True,True,False,False,True,1824.4800000000002,169.14821917808217,5.0,1.2496438356164385,32.58,66813.54657534247,0.0,0,3.235883905013193,-17.25
LOT-00098,SKU-0033,LOC-01,1632,2025-02-03,2025-06-11,Snacks,0.61,128,995.52,76,False,False,True,False,False,True,995.52,166.60931506849317,5.0,0.6818630136986301,32.64,65144.24219178083,0.0,0,1.792552834619255,-25.0
LOT-00131,SKU-0020,LOC-01,1407,2025-02-18,2025-03-21,Dairy,5.25,31,7386.75,-6,False,False,False,False,False,False,0.0,165.9970890410959,5.0,5.0594178082191785,28.14,62414.90547945206,0.0,0,13.349782293178519,-34.25
LOT-00168,SKU-0047,LOC-01,1391,2025-02-25,2025-08-22,Snacks,4.83,178,6718.53,148,True,True,True,True,True,False,0.0,162.10866438356163,5.0,4.601732876712329,27.82,59818.09715753424,0.0,0,12.433382309726712,9.5
LOT-00137,SKU-0017,LOC-01,1385,2025-02-08,2025-05-25,Snacks,4.86,106,6731.1,59,False,False,True,False,False,True,6731.1,161.5517123287671,5.0,4.610342465753425,27.7,62358.96095890411,0.0,0,12.499588960657663,-25.5
LOT-00170,SKU-0052,LOC-02,1532,2025-02-17,2025-08-15,Snacks,1.59,179,2435.88,141,True,True,True,True,True,False,0.0,161.54205479452057,5.0,1.6684109589041096,30.64,60901.354657534255,0.0,0,4.523676518350113,1.75
LOT-00022,SKU-0023,LOC-05,1473,2025-02-16,2025-04-11,Dairy,2.75,54,4050.75,15,False,False,True,False,False,True,4050.75,161.1724315068493,5.0,2.774486301369863,29.46,60923.17910958904,0.0,0,7.539906103286385,-30.5
LOT-00008,SKU-0037,LOC-03,1377,2025-02-23,2025-03-27,Dairy,4.9,32,6747.3,0,False,False,False,False,False,False,0.0,160.8071917808219,5.0,4.621438356164384,27.54,59659.46815068493,0.0,0,12.587683284457478,-29.0
LOT-00145,SKU-0055,LOC-04,1550,2025-02-13,2025-07-01,Snacks,0.91,138,1410.5,96,False,True,True,False,False,True,1410.5,159.8304794520548,5.0,0.9660958904109589,31.0,60895.41267123287,0.0,0,2.647492527399535,-12.5
LOT-00060,SKU-0008,LOC-03,1333,2025-02-25,2025-04-05,Dairy,5.66,39,7544.78,9,False,False,True,False,False,True,7544.78,159.1382876712329,5.0,5.167657534246575,26.66,58722.028150684935,0.0,0,14.223063683304645,-25.25
LOT-00056,SKU-0038,LOC-04,1182,2025-02-20,2025-04-19,Dairy,10.08,58,11914.56,23,False,False,True,False,False,True,11914.56,159.00328767123287,5.0,8.160657534246575,23.64,59467.22958904109,0.0,0,22.479837067209775,-25.5
LOT-00029,SKU-0029,LOC-04,1405,2025-02-13,2025-06-12,Snacks,3.78,119,5310.9,77,False,False,True,False,False,True,5310.9,158.68801369863013,5.0,3.6376027397260273,28.1,60460.13321917808,0.0,0,10.040266828380835,-17.25
LOT-00089,SKU-0055,LOC-03,1528,2025-02-21,2025-07-09,Snacks,0.91,138,1390.48,104,False,True,True,True,True,True,1390.48,157.5619178082192,5.0,0.9523835616438356,30.560000000000002,58770.59534246576,0.0,0,2.647492527399535,-4.5
LOT-00077,SKU-0015,LOC-04,1361,2025-02-25,2025-04-24,Dairy,4.59,58,6246.99,28,False,False,True,False,False,True,6246.99,157.493801369863,5.0,4.278760273972603,27.22,58115.21270547945,0.0,0,11.899496892571765,-20.5
LOT-00118,SKU-0018,LOC-04,1392,2025-01-26,2026-01-15,Beverage,3.61,354,5025.12,294,True,True,True,True,True,False,0.0,156.40931506849316,5.0,3.44186301369863,27.84,62407.31671232877,0.0,0,9.638402925937212,23.5
LOT-00177,SKU-0041,LOC-05,1487,2024-11-13,2025-10-25,Beverage,1.48,346,2200.7599999999998,212,False,False,True,False,False,True,2200.7599999999998,156.23684931506853,5.0,1.5073698630136985,29.740000000000002,73900.02972602741,0.0,0,4.225814863102998,-52.5
LOT-00063,SKU-0008,LOC-03,1308,2025-02-25,2025-04-05,Dairy,5.66,39,7403.28,9,False,False,True,False,False,True,7403.28,156.153698630137,5.0,5.070739726027397,26.16,57620.71479452055,0.0,0,14.223063683304645,-25.25
LOT-00169,SKU-0056,LOC-03,1509,2025-01-17,2025-09-13,Beverage,0.99,239,1493.91,170,False,True,True,True,False,True,1493.91,156.0161301369863,5.0,1.0232260273972604,30.18,63654.58109589041,0.0,0,2.872606823451474,-14.25
LOT-00184,SKU-0036,LOC-02,1173,2025-02-25,2025-04-08,Dairy,9.56,42,11213.880000000001,12,False,False,True,False,False,True,11213.880000000001,155.70369863013698,5.0,7.680739726027398,23.46,57454.66479452055,0.0,0,21.6061919504644,-24.5
LOT-00142,SKU-0011,LOC-05,1512,2025-02-03,2025-05-19,Snacks,0.79,105,1194.48,53,False,False,True,False,False,True,1194.48,155.29068493150686,5.0,0.8181369863013699,30.240000000000002,60718.657808219185,0.0,0,2.30756918972991,-30.75
LOT-00053,SKU-0032,LOC-03,1416,2025-02-18,2025-07-28,Snacks,2.72,160,3851.5200000000004,123,False,True,True,True,True,True,3851.5200000000004,154.79013698630138,5.0,2.638027397260274,28.32,58201.09150684932,0.0,0,7.464661654135339,-2.0
LOT-00019,SKU-0009,LOC-01,1472,2025-02-03,2025-07-14,Snacks,1.4,161,2060.7999999999997,109,False,True,True,False,False,True,2060.7999999999997,154.25753424657535,5.0,1.4115068493150682,29.44,60314.69589041096,0.0,0,4.007843137254901,-16.75
LOT-00059,SKU-0033,LOC-04,1506,2025-02-21,2025-06-29,Snacks,0.61,128,918.66,94,False,True,True,True,False,True,918.66,153.74609589041097,5.0,0.6292191780821917,30.12,57347.293767123294,0.0,0,1.792552834619255,-7.0
LOT-00149,SKU-0049,LOC-02,1360,2025-02-23,2025-05-27,Snacks,3.24,93,4406.400000000001,61,False,False,True,False,False,True,4406.400000000001,151.0904109589041,5.0,3.0180821917808225,27.2,56054.542465753424,0.0,0,8.749198520345253,-13.75
LOT-00179,SKU-0042,LOC-01,1235,2025-02-21,2025-03-30,Dairy,6.27,37,7743.45,3,False,False,False,False,False,True,7743.45,150.01866438356163,5.0,5.303732876712329,24.7,55956.961815068484,0.0,0,15.484973216802933,-29.75
LOT-00037,SKU-0044,LOC-03,1421,2025-02-12,2025-06-19,Snacks,1.5,127,2131.5,84,False,True,True,False,False,True,2131.5,149.3996575342466,5.0,1.459931506849315,28.42,57070.66917808219,0.0,0,4.280130293159608,-16.25
LOT-00057,SKU-0048,LOC-01,1399,2025-02-11,2025-06-26,Snacks,1.85,135,2588.15,91,False,True,True,False,False,True,2588.15,148.76352739726028,5.0,1.772705479452055,27.98,56976.43099315069,0.0,0,5.219323671497585,-15.25
LOT-00070,SKU-0003,LOC-02,1136,2025-02-24,2025-04-21,Dairy,8.01,56,9099.36,25,False,False,True,False,False,True,9099.36,144.76219178082192,5.0,6.232438356164384,22.72,53562.01095890411,0.0,0,18.857188927707604,-22.0
LOT-00157,SKU-0033,LOC-04,1411,2025-02-11,2025-06-19,Snacks,0.61,128,860.71,84,False,True,True,False,False,True,860.71,144.04763698630137,5.0,0.589527397260274,28.22,55170.24496575342,0.0,0,1.7925528346192554,-17.0
LOT-00156,SKU-0034,LOC-04,1118,2025-02-19,2025-03-21,Dairy,8.36,30,9346.48,-6,False,False,False,False,False,False,0.0,143.8084931506849,5.0,6.401698630136986,22.36,53928.18493150684,0.0,0,19.497763578274764,-33.5
LOT-00103,SKU-0026,LOC-02,1401,2025-01-26,2025-12-15,Beverage,0.57,323,798.5699999999999,263,True,True,True,True,True,False,0.0,142.8348287671233,5.0,0.5469657534246575,28.02,56991.0966780822,0.0,0,1.6772589855559286,15.75
LOT-00088,SKU-0039,LOC-05,1243,2025-01-28,2025-07-16,Snacks,4.12,169,5121.16,111,False,True,True,False,False,True,5121.16,141.8382191780822,5.0,3.507643835616438,24.86,56309.773013698636,0.0,0,10.831692677070828,-20.75
LOT-00041,SKU-0028,LOC-05,1378,2025-02-03,2025-06-03,Snacks,0.79,120,1088.6200000000001,68,False,False,True,False,False,True,1088.6200000000001,141.52815068493152,5.0,0.7456301369863014,27.560000000000002,55337.50691780823,0.0,0,2.30756918972991,-27.0
LOT-00116,SKU-0045,LOC-05,1014,2025-02-20,2025-04-01,Dairy,11.43,40,11590.02,5,False,False,False,False,False,True,11590.02,141.0918493150685,5.0,7.9383698630136985,20.28,52768.35164383562,0.0,0,24.64356386906227,-30.0
LOT-00082,SKU-0030,LOC-03,1293,2025-02-12,2025-08-01,Snacks,2.62,170,3387.6600000000003,127,False,True,True,True,True,True,3387.6600000000003,140.90157534246575,5.0,2.320315068493151,25.86,53824.401780821914,0.0,0,7.212822124450032,-5.5
LOT-00163,SKU-0056,LOC-01,1352,2025-02-04,2025-10-01,Beverage,0.99,239,1338.48,188,True,True,True,True,True,False,0.0,139.78383561643835,5.0,0.9167671232876713,27.04,54515.695890410956,0.0,0,2.872606823451474,3.75
LOT-00133,SKU-0054,LOC-03,1259,2025-02-04,2025-10-10,Beverage,2.64,248,3323.76,197,True,True,True,True,True,False,0.0,137.2827397260274,5.0,2.2765479452054795,25.18,53540.26849315068,0.0,0,7.263316582914574,6.0
LOT-00150,SKU-0034,LOC-03,1064,2025-02-24,2025-03-26,Dairy,8.36,30,8895.039999999999,-1,False,False,False,False,False,False,0.0,136.86246575342466,5.0,6.0924931506849305,21.28,50639.11232876712,0.0,0,19.497763578274757,-28.5
LOT-00005,SKU-0022,LOC-05,1243,2025-02-25,2025-06-20,Snacks,2.94,115,3654.42,85,False,True,True,True,False,True,3654.42,136.81513698630138,5.0,2.503027397260274,24.86,50484.78554794521,0.0,0,8.013192283758556,-6.25
LOT-00106,SKU-0037,LOC-01,1159,2025-02-24,2025-03-28,Dairy,4.9,32,5679.1,1,False,False,False,False,False,True,5679.1,135.3489726027397,5.0,3.8897945205479454,23.18,50079.11986301369,0.0,0,12.58768328445748,-28.0
LOT-00016,SKU-0018,LOC-05,1194,2025-01-31,2026-01-20,Beverage,3.61,354,4310.34,299,True,True,True,True,True,False,0.0,134.16143835616438,5.0,2.952287671232877,23.88,52859.606712328765,0.0,0,9.638402925937216,28.5
LOT-00178,SKU-0047,LOC-01,1151,2025-02-18,2025-08-15,Snacks,4.83,178,5559.33,141,True,True,True,True,True,False,0.0,134.13880136986302,5.0,3.807760273972603,23.02,50436.18931506849,0.0,0,12.433382309726712,2.5
LOT-00099,SKU-0043,LOC-05,1321,2024-12-24,2025-11-29,Beverage,0.33,340,435.93,247,False,True,True,True,True,True,435.93,133.5929109589041,5.0,0.2985821917808219,26.42,57712.13753424657,0.0,0,0.9789366745682357,-13.0
LOT-00130,SKU-0037,LOC-04,1130,2025-02-21,2025-03-25,Dairy,4.9,32,5537.0,-2,False,False,False,False,False,False,0.0,131.9623287671233,5.0,3.7924657534246577,22.6,49221.94863013699,0.0,0,12.587683284457476,-31.0
LOT-00073,SKU-0017,LOC-01,1128,2025-02-12,2025-05-29,Snacks,4.86,106,5482.08,63,False,False,True,False,False,True,5482.08,131.57424657534247,5.0,3.754849315068493,22.56,50261.36219178083,0.0,0,12.499588960657663,-21.5
LOT-00030,SKU-0028,LOC-02,1268,2025-02-09,2025-06-09,Snacks,0.79,120,1001.72,74,False,False,True,False,False,True,1001.72,130.23054794520547,5.0,0.6861095890410959,25.36,50138.76095890411,0.0,0,2.3075691897299104,-21.0
LOT-00052,SKU-0001,LOC-04,1139,2025-02-04,2025-07-30,Snacks,3.79,176,4316.81,125,False,True,True,True,False,True,4316.81,128.68359589041097,5.0,2.956719178082192,22.78,50186.60239726028,0.0,0,10.063776902091544,-12.0
LOT-00097,SKU-0032,LOC-03,1168,2025-02-03,2025-07-13,Snacks,2.72,160,3176.96,108,False,True,True,False,False,True,3176.96,127.68,5.0,2.176,23.36,49922.880000000005,0.0,0,7.464661654135337,-17.0
LOT-00068,SKU-0029,LOC-01,1128,2025-02-10,2025-06-09,Snacks,3.78,119,4263.84,74,False,False,True,False,False,True,4263.84,127.40219178082191,5.0,2.9204383561643836,22.56,48922.44164383561,0.0,0,10.040266828380839,-20.25
LOT-00143,SKU-0025,LOC-03,964,2025-02-20,2025-04-16,Dairy,9.07,55,8743.48,20,False,False,True,False,False,True,8743.48,126.34342465753426,5.0,5.988684931506849,19.28,47252.440821917815,0.0,0,20.76122288999216,-26.25
LOT-00166,SKU-0021,LOC-01,1092,2025-02-22,2025-06-16,Snacks,4.23,114,4619.160000000001,81,False,True,True,False,False,True,4619.160000000001,125.01904109589042,5.0,3.1638082191780827,21.84,46507.08328767124,0.0,0,11.084295542925517,-9.5
LOT-00199,SKU-0021,LOC-05,1070,2025-02-10,2025-06-04,Snacks,4.23,114,4526.1,69,False,False,True,False,False,True,4526.1,122.50034246575342,5.0,3.100068493150685,21.400000000000002,47040.13150684931,0.0,0,11.084295542925517,-21.5
LOT-00172,SKU-0046,LOC-03,1088,2025-02-24,2025-07-11,Snacks,3.66,137,3982.08,106,False,True,True,True,True,True,3982.08,122.43726027397261,5.0,2.7274520547945205,21.76,45301.786301369866,0.0,0,9.757029823493609,-1.75
LOT-00186,SKU-0002,LOC-03,1165,2025-02-17,2025-06-01,Snacks,1.2,104,1398.0,66,False,False,True,False,False,True,1398.0,121.28767123287672,5.0,0.9575342465753425,23.3,45725.45205479452,0.0,0,3.4578947368421047,-17.0
LOT-00028,SKU-0023,LOC-05,1103,2025-02-25,2025-04-20,Dairy,2.75,54,3033.25,24,False,False,True,False,False,True,3033.25,120.68784246575342,5.0,2.077568493150685,22.06,44533.813869863014,0.0,0,7.539906103286386,-21.5
LOT-00125,SKU-0019,LOC-03,1164,2025-02-17,2025-08-09,Snacks,0.9,173,1047.6000000000001,135,True,True,True,True,True,False,0.0,119.98767123287672,5.0,0.7175342465753426,23.28,45235.35205479452,0.0,0,2.6192691029900335,0.25
LOT-00105,SKU-0056,LOC-04,1119,2025-01-25,2025-09-21,Beverage,0.99,239,1107.81,178,False,True,True,True,True,True,1107.81,115.69386986301369,5.0,0.7587739726027397,22.38,46277.54794520548,0.0,0,2.872606823451474,-6.25
LOT-00140,SKU-0010,LOC-02,1126,2025-02-25,2025-07-18,Snacks,0.71,143,799.4599999999999,113,True,True,True,True,True,False,0.0,115.33787671232875,5.0,0.5475753424657533,22.52,42559.67650684931,0.0,0,2.0794383149448343,0.75
LOT-00007,SKU-0015,LOC-03,960,2025-02-20,2025-04-19,Dairy,4.59,58,4406.4,23,False,False,True,False,False,True,4406.4,111.0904109589041,5.0,3.0180821917808216,19.2,41547.81369863013,0.0,0,11.899496892571767,-25.5
LOT-00062,SKU-0030,LOC-05,999,2025-02-08,2025-07-28,Snacks,2.62,170,2617.38,123,False,True,True,True,False,True,2617.38,108.8636301369863,5.0,1.7927260273972603,19.98,42021.36123287671,0.0,0,7.212822124450032,-9.5
LOT-00015,SKU-0036,LOC-04,808,2025-02-23,2025-04-06,Dairy,9.56,42,7724.4800000000005,10,False,False,True,False,False,True,7724.4800000000005,107.25369863013698,5.0,5.290739726027398,16.16,39791.12219178082,0.0,0,21.6061919504644,-26.5
LOT-00188,SKU-0019,LOC-04,1040,2025-02-01,2025-07-24,Snacks,0.9,173,936.0,119,False,True,True,False,False,True,936.0,107.2054794520548,5.0,0.6410958904109589,20.8,42131.75342465754,0.0,0,2.619269102990033,-15.75
LOT-00010,SKU-0020,LOC-04,908,2025-02-21,2025-03-24,Dairy,5.25,31,4767.0,-3,False,False,False,False,False,False,0.0,107.12534246575343,5.0,3.265068493150685,18.16,39957.75273972603,0.0,0,13.349782293178517,-31.25
LOT-00158,SKU-0029,LOC-04,946,2025-02-25,2025-06-24,Snacks,3.78,119,3575.8799999999997,89,False,True,True,True,True,True,3575.8799999999997,106.84616438356166,5.0,2.4492328767123284,18.92,39426.23465753425,0.0,0,10.040266828380835,-5.25
LOT-00094,SKU-0019,LOC-02,1027,2025-02-02,2025-07-25,Snacks,0.9,173,924.3000000000001,120,False,True,True,False,False,True,924.3000000000001,105.8654109589041,5.0,0.6330821917808219,20.54,41499.24109589041,0.0,0,2.6192691029900335,-14.75
LOT-00191,SKU-0013,LOC-03,936,2025-02-25,2025-06-03,Snacks,3.58,98,3350.88,68,False,True,True,False,False,True,3350.88,105.07561643835615,5.0,2.295123287671233,18.72,38772.90246575342,0.0,0,9.567053081147042,-10.5
LOT-00120,SKU-0040,LOC-02,823,2025-02-21,2025-04-19,Dairy,7.39,57,6081.969999999999,23,False,False,True,False,False,True,6081.969999999999,103.12866438356166,5.0,4.165732876712329,16.46,38466.9918150685,0.0,0,17.692374965837654,-24.75
LOT-00113,SKU-0007,LOC-04,924,2025-01-28,2025-05-24,Snacks,3.25,116,3003.0,58,False,False,True,False,False,True,3003.0,102.68424657534247,5.0,2.0568493150684932,18.48,40765.64589041096,0.0,0,8.773497688751926,-34.0
LOT-00066,SKU-0044,LOC-04,966,2025-02-10,2025-06-17,Snacks,1.5,127,1449.0,82,False,False,True,False,False,True,1449.0,101.56232876712329,5.0,0.9924657534246575,19.32,38999.93424657534,0.0,0,4.280130293159609,-18.25
LOT-00196,SKU-0034,LOC-04,789,2025-02-24,2025-03-26,Dairy,8.36,30,6596.04,-1,False,False,False,False,False,False,0.0,101.48917808219178,5.0,4.517835616438356,15.780000000000001,37550.99589041096,0.0,0,19.497763578274757,-28.5
LOT-00119,SKU-0058,LOC-04,881,2025-02-22,2025-04-08,Dairy,4.26,45,3753.06,12,False,False,True,False,False,True,3753.06,100.95294520547945,5.0,2.5705890410958903,17.62,37554.495616438355,0.0,0,11.152898983861325,-26.75
LOT-00071,SKU-0031,LOC-02,749,2025-02-19,2025-04-12,Dairy,9.61,52,7197.889999999999,16,False,False,True,False,False,True,7197.889999999999,99.55030821917809,5.0,4.930061643835616,14.98,37331.365582191786,0.0,0,21.69121360474104,-28.0
LOT-00176,SKU-0025,LOC-04,742,2025-02-20,2025-04-16,Dairy,9.07,55,6729.9400000000005,20,False,False,True,False,False,True,6729.9400000000005,97.2477397260274,5.0,4.60954794520548,14.84,36370.65465753425,0.0,0,20.76122288999216,-26.25
LOT-00042,SKU-0053,LOC-04,923,2025-02-23,2026-01-10,Beverage,1.18,321,1089.1399999999999,289,True,True,True,True,True,False,0.0,96.02993150684932,5.0,0.7459863013698629,18.46,35627.1045890411,0.0,0,3.4025016458196173,43.25
LOT-00083,SKU-0052,LOC-05,895,2025-02-10,2025-08-08,Snacks,1.59,179,1423.0500000000002,134,False,True,True,True,True,True,1423.0500000000002,94.3734589041096,5.0,0.974691780821918,17.900000000000002,36239.40821917808,0.0,0,4.523676518350113,-5.25
LOT-00183,SKU-0030,LOC-01,850,2025-02-09,2025-07-29,Snacks,2.62,170,2227.0,124,False,True,True,True,True,True,2227.0,92.62671232876713,5.0,1.5253424657534247,17.0,35661.28424657534,0.0,0,7.212822124450032,-8.5
LOT-00122,SKU-0008,LOC-05,773,2025-02-25,2025-04-05,Dairy,5.66,39,4375.18,9,False,False,True,False,False,True,4375.18,92.28349315068493,5.0,2.9966986301369865,15.46,34052.60897260274,0.0,0,14.223063683304648,-25.25
LOT-00035,SKU-0041,LOC-03,864,2025-01-23,2026-01-04,Beverage,1.48,346,1278.72,283,True,True,True,True,True,False,0.0,90.77917808219178,5.0,0.8758356164383562,17.28,36493.2295890411,0.0,0,4.225814863102999,18.5
LOT-00092,SKU-0030,LOC-05,827,2025-02-01,2025-07-21,Snacks,2.62,170,2166.7400000000002,116,False,True,True,False,False,True,2166.7400000000002,90.12034246575341,5.0,1.4840684931506851,16.54,35417.29458904109,0.0,0,7.2128221244500335,-16.5
LOT-00127,SKU-0041,LOC-01,830,2025-02-22,2026-02-03,Beverage,1.48,346,1228.4,313,True,True,True,True,True,False,0.0,87.20684931506851,5.0,0.8413698630136986,16.6,32440.947945205487,0.0,0,4.225814863102999,48.5
LOT-00014,SKU-0044,LOC-02,820,2025-02-13,2025-06-20,Snacks,1.5,127,1230.0,85,False,True,True,False,False,True,1230.0,86.21232876712328,5.0,0.8424657534246576,16.4,32846.89726027397,0.0,0,4.280130293159609,-15.25
LOT-00161,SKU-0051,LOC-01,830,2024-12-24,2025-08-05,Beverage,0.84,224,697.1999999999999,131,False,False,True,False,False,True,697.1999999999999,85.38767123287671,5.0,0.47753424657534244,16.6,36887.47397260274,0.0,0,2.44953395472703,-42.0
LOT-00159,SKU-0017,LOC-02,727,2025-02-15,2025-06-01,Snacks,4.86,106,3533.2200000000003,66,False,False,True,False,False,True,3533.2200000000003,84.80006849315069,5.0,2.4200136986301373,14.540000000000001,32139.22595890411,0.0,0,12.499588960657663,-18.5
LOT-00117,SKU-0039,LOC-02,734,2025-01-27,2025-07-15,Snacks,4.12,169,3024.08,110,False,True,True,False,False,True,3024.08,83.75643835616438,5.0,2.0712876712328767,14.68,33335.06246575342,0.0,0,10.831692677070828,-21.75
LOT-00017,SKU-0025,LOC-04,628,2025-02-25,2025-04-21,Dairy,9.07,55,5695.96,25,False,False,True,False,False,True,5695.96,82.30671232876713,5.0,3.901342465753425,12.56,30371.176849315074,0.0,0,20.76122288999216,-21.25
LOT-00175,SKU-0039,LOC-01,719,2025-02-25,2025-08-13,Snacks,4.12,169,2962.28,139,True,True,True,True,True,False,0.0,82.04479452054795,5.0,2.0289589041095892,14.38,30274.529178082194,0.0,0,10.831692677070828,7.25
LOT-00109,SKU-0055,LOC-05,786,2025-02-22,2025-07-10,Snacks,0.91,138,715.26,105,False,True,True,True,True,True,715.26,81.0495205479452,5.0,0.48990410958904107,15.72,30150.421643835616,0.0,0,2.647492527399535,-3.5
LOT-00114,SKU-0035,LOC-04,691,2025-02-01,2025-06-17,Snacks,4.58,136,3164.78,82,False,False,True,False,False,True,3164.78,79.93828767123289,5.0,2.1676575342465756,13.82,31415.747054794523,0.0,0,11.877087033747777,-25.0
LOT-00101,SKU-0012,LOC-02,706,2025-01-18,2026-01-12,Beverage,3.29,359,2322.7400000000002,291,True,True,True,True,True,False,0.0,78.5545890410959,5.0,1.5909178082191782,14.120000000000001,31971.717739726028,0.0,0,8.870544783010157,16.75
LOT-00135,SKU-0026,LOC-02,753,2025-02-14,2026-01-03,Beverage,0.57,323,429.21,282,True,True,True,True,True,False,0.0,76.76989726027398,5.0,0.29397945205479453,15.06,29172.560958904112,0.0,0,1.6772589855559283,34.75
LOT-00069,SKU-0031,LOC-03,573,2025-02-25,2025-04-18,Dairy,9.61,52,5506.53,22,False,False,True,False,False,True,5506.53,76.1579794520548,5.0,3.7715958904109588,11.46,28102.29441780822,0.0,0,21.69121360474104,-22.0
LOT-00091,SKU-0005,LOC-01,725,2025-01-23,2025-08-30,Beverage,0.97,219,703.25,156,False,True,True,True,False,True,703.25,74.9083904109589,5.0,0.4816780821917808,14.5,30113.17294520548,0.0,0,2.816440172356646,-13.25
LOT-00032,SKU-0030,LOC-03,682,2025-02-05,2025-07-25,Snacks,2.62,170,1786.8400000000001,120,False,True,True,True,False,True,1786.8400000000001,74.31931506849315,5.0,1.2238630136986302,13.64,28910.213561643835,0.0,0,7.212822124450032,-12.5
LOT-00004,SKU-0021,LOC-01,643,2025-02-10,2025-06-04,Snacks,4.23,114,2719.8900000000003,69,False,False,True,False,False,True,2719.8900000000003,73.61469178082191,5.0,1.8629383561643837,12.86,28268.041643835615,0.0,0,11.084295542925517,-21.5
LOT-00173,SKU-0045,LOC-02,523,2025-02-18,2025-03-30,Dairy,11.43,40,5977.889999999999,3,False,False,False,False,False,True,5977.889999999999,72.77222602739727,5.0,4.094445205479452,10.46,27362.356986301373,0.0,0,24.643563869062262,-32.0
LOT-00187,SKU-0051,LOC-05,681,2025-02-16,2025-09-28,Beverage,0.84,224,572.04,185,True,True,True,True,True,False,0.0,70.05904109589042,5.0,0.3918082191780822,13.620000000000001,26482.31753424658,0.0,0,2.44953395472703,12.0
LOT-00189,SKU-0049,LOC-04,613,2025-02-15,2025-05-19,Snacks,3.24,93,1986.1200000000001,53,False,False,True,False,False,True,1986.1200000000001,68.10178082191781,5.0,1.3603561643835618,12.26,25810.57493150685,0.0,0,8.749198520345253,-21.75
LOT-00043,SKU-0006,LOC-04,522,2025-02-23,2025-04-03,Dairy,7.25,39,3784.5,7,False,False,False,False,False,True,3784.5,65.16061643835616,5.0,2.592123287671233,10.44,24174.588698630134,0.0,0,17.4238683127572,-27.25
LOT-00107,SKU-0035,LOC-01,537,2025-02-20,2025-07-06,Snacks,4.58,136,2459.46,101,False,True,True,True,True,True,2459.46,62.12280821917808,5.0,1.6845616438356166,10.74,23233.930273972604,0.0,0,11.87708703374778,-6.0
LOT-00038,SKU-0049,LOC-01,545,2025-02-25,2025-05-29,Snacks,3.24,93,1765.8000000000002,63,False,True,True,False,False,True,1765.8000000000002,60.5472602739726,5.0,1.2094520547945207,10.9,22341.939041095888,0.0,0,8.749198520345253,-11.75
LOT-00086,SKU-0047,LOC-02,517,2025-02-06,2025-08-03,Snacks,4.83,178,2497.11,129,False,True,True,True,False,True,2497.11,60.251746575342466,5.0,1.7103493150684932,10.34,23377.677671232876,0.0,0,12.433382309726712,-9.5
LOT-00033,SKU-0055,LOC-04,580,2025-02-05,2025-06-23,Snacks,0.91,138,527.8000000000001,88,False,False,True,False,False,True,527.8000000000001,59.807534246575344,5.0,0.36150684931506855,11.6,23265.13082191781,0.0,0,2.647492527399535,-20.5
LOT-00100,SKU-0043,LOC-04,584,2025-01-11,2025-12-17,Beverage,0.33,340,192.72,265,True,True,True,True,True,False,0.0,59.059999999999995,5.0,0.132,11.68,24450.839999999997,0.0,0,0.9789366745682357,5.0
LOT-00050,SKU-0050,LOC-02,553,2025-02-10,2025-05-15,Snacks,1.75,94,967.75,49,False,False,True,False,False,True,967.75,58.614212328767124,5.0,0.6628424657534246,11.06,22507.857534246577,0.0,0,4.953150242326332,-26.5
LOT-00121,SKU-0027,LOC-02,505,2025-02-16,2025-05-27,Snacks,4.38,100,2211.9,61,False,False,True,False,False,True,2211.9,58.075,5.0,1.5150000000000001,10.1,21952.350000000002,0.0,0,11.42608695652174,-19.0
LOT-00051,SKU-0060,LOC-02,558,2025-02-09,2025-08-03,Snacks,1.12,175,624.96,129,False,True,True,True,True,True,624.96,57.94027397260274,5.0,0.42805479452054795,11.16,22307.005479452055,0.0,0,3.2358839050131927,-7.25
LOT-00108,SKU-0032,LOC-05,515,2025-02-06,2025-07-16,Snacks,2.72,160,1400.8000000000002,111,False,True,True,False,False,True,1400.8000000000002,56.29726027397261,5.0,0.9594520547945207,10.3,21843.336986301372,0.0,0,7.464661654135338,-14.0
LOT-00124,SKU-0044,LOC-03,535,2025-01-31,2025-06-07,Snacks,1.5,127,802.5,72,False,False,True,False,False,True,802.5,56.24828767123289,5.0,0.5496575342465754,10.700000000000001,22161.825342465756,0.0,0,4.280130293159608,-28.25
LOT-00148,SKU-0013,LOC-04,496,2025-02-18,2025-05-27,Snacks,3.58,98,1775.68,61,False,False,True,False,False,True,1775.68,55.68109589041096,5.0,1.2162191780821918,9.92,20936.09205479452,0.0,0,9.56705308114704,-17.5
LOT-00061,SKU-0033,LOC-04,538,2025-01-21,2025-05-29,Snacks,0.61,128,328.18,63,False,False,True,False,False,True,328.18,54.92390410958904,5.0,0.2247808219178082,10.76,22189.25726027397,0.0,0,1.7925528346192552,-38.0
LOT-00153,SKU-0047,LOC-05,465,2025-01-18,2025-07-15,Snacks,4.83,178,2245.95,110,False,False,True,False,False,True,2245.95,54.19160958904109,5.0,1.538321917808219,9.3,22055.985102739724,0.0,0,12.433382309726712,-28.5
LOT-00031,SKU-0057,LOC-05,413,2025-02-21,2025-04-10,Dairy,8.78,48,3626.14,14,False,False,True,False,False,True,3626.14,53.71828767123287,5.0,2.4836575342465754,8.26,20036.92130136986,0.0,0,20.25086887835703,-27.0
LOT-00003,SKU-0036,LOC-03,404,2025-02-24,2025-04-07,Dairy,9.56,42,3862.2400000000002,11,False,False,True,False,False,True,3862.2400000000002,53.62684931506849,5.0,2.645369863013699,8.08,19841.93424657534,0.0,0,21.6061919504644,-25.5
LOT-00174,SKU-0025,LOC-05,405,2025-02-25,2025-04-21,Dairy,9.07,55,3673.35,25,False,False,True,False,False,True,3673.35,53.07996575342465,5.0,2.5159931506849316,8.1,19586.507363013698,0.0,0,20.761222889992162,-21.25
LOT-00058,SKU-0016,LOC-05,487,2025-02-24,2025-10-19,Beverage,2.22,237,1081.14,206,True,True,True,True,True,False,0.0,52.40253424657534,5.0,0.7405068493150686,9.74,19388.937671232878,0.0,0,6.189433481858689,23.25
LOT-00160,SKU-0043,LOC-03,518,2025-02-06,2026-01-12,Beverage,0.33,340,170.94,291,True,True,True,True,True,False,0.0,52.38541095890411,5.0,0.11708219178082192,10.36,20325.539452054796,0.0,0,0.9789366745682356,31.0
LOT-00064,SKU-0047,LOC-01,430,2025-02-21,2025-08-18,Snacks,4.83,178,2076.9,144,True,True,True,True,True,False,0.0,50.11267123287671,5.0,1.4225342465753426,8.6,18692.02636986301,0.0,0,12.433382309726714,5.5
LOT-00134,SKU-0008,LOC-02,417,2025-02-20,2025-03-31,Dairy,5.66,39,2360.2200000000003,4,False,False,False,False,False,True,2360.2200000000003,49.78294520547945,5.0,1.6165890410958905,8.34,18618.821506849315,0.0,0,14.223063683304648,-30.25
LOT-00164,SKU-0050,LOC-05,425,2025-02-10,2025-05-15,Snacks,1.75,94,743.75,49,False,False,True,False,False,True,743.75,45.04708904109589,5.0,0.509417808219178,8.5,17298.08219178082,0.0,0,4.953150242326333,-26.5
LOT-00081,SKU-0033,LOC-05,429,2025-02-01,2025-06-09,Snacks,0.61,128,261.69,74,False,False,True,False,False,True,261.69,43.796198630136985,5.0,0.17923972602739727,8.58,17211.906061643836,0.0,0,1.7925528346192552,-27.0
LOT-00162,SKU-0016,LOC-04,404,2025-02-24,2025-10-19,Beverage,2.22,237,896.8800000000001,206,True,True,True,True,True,False,0.0,43.47150684931507,5.0,0.6143013698630138,8.08,16084.457534246576,0.0,0,6.189433481858689,23.25
LOT-00045,SKU-0006,LOC-03,344,2025-02-21,2025-04-01,Dairy,7.25,39,2494.0,5,False,False,False,False,False,True,2494.0,42.941095890410956,5.0,1.7082191780821918,6.88,16017.028767123287,0.0,0,17.4238683127572,-29.25
LOT-00165,SKU-0019,LOC-05,395,2025-02-17,2025-08-09,Snacks,0.9,173,355.5,135,True,True,True,True,True,False,0.0,40.71746575342466,5.0,0.24349315068493152,7.9,15350.484589041098,0.0,0,2.6192691029900326,0.25
LOT-00181,SKU-0037,LOC-01,348,2025-02-24,2025-03-28,Dairy,4.9,32,1705.2,1,False,False,False,False,False,True,1705.2,40.63972602739726,5.0,1.1679452054794521,6.96,15036.698630136985,0.0,0,12.587683284457478,-28.0
LOT-00152,SKU-0057,LOC-01,311,2025-02-15,2025-04-04,Dairy,8.78,48,2730.58,8,False,False,False,False,False,True,2730.58,40.45130136986301,5.0,1.8702602739726026,6.22,15331.04321917808,0.0,0,20.250868878357032,-33.0
LOT-00001,SKU-0039,LOC-04,354,2025-02-25,2025-08-13,Snacks,4.12,169,1458.48,139,True,True,True,True,True,False,0.0,40.39479452054795,5.0,0.9989589041095891,7.08,14905.679178082193,0.0,0,10.831692677070828,7.25
LOT-00198,SKU-0014,LOC-04,369,2025-02-15,2025-05-27,Snacks,2.73,101,1007.37,61,False,False,True,False,False,True,1007.37,40.34989726027397,5.0,0.6899794520547945,7.38,15292.611061643835,0.0,0,7.489758847478861,-19.75
LOT-00055,SKU-0054,LOC-01,365,2025-02-15,2025-10-21,Beverage,2.64,248,963.6,208,True,True,True,True,True,False,0.0,39.8,5.0,0.66,7.3,15084.199999999999,0.0,0,7.263316582914573,17.0
LOT-00078,SKU-0051,LOC-01,352,2024-12-30,2025-08-11,Beverage,0.84,224,295.68,137,False,False,True,False,False,True,295.68,36.21260273972603,5.0,0.2025205479452055,7.04,15426.568767123288,0.0,0,2.44953395472703,-36.0
LOT-00090,SKU-0057,LOC-05,276,2025-02-25,2025-04-14,Dairy,8.78,48,2423.2799999999997,18,False,False,True,False,False,True,2423.2799999999997,35.89890410958904,5.0,1.659780821917808,5.5200000000000005,13246.695616438356,0.0,0,20.25086887835703,-23.0
LOT-00080,SKU-0015,LOC-03,297,2025-02-18,2025-04-17,Dairy,4.59,58,1363.23,21,False,False,True,False,False,True,1363.23,34.36859589041096,5.0,0.9337191780821918,5.94,12922.59205479452,0.0,0,11.899496892571767,-27.5
LOT-00036,SKU-0037,LOC-01,283,2025-02-24,2025-03-28,Dairy,4.9,32,1386.7,1,False,False,False,False,False,True,1386.7,33.048972602739724,5.0,0.9497945205479452,5.66,12228.119863013699,0.0,0,12.587683284457478,-28.0
LOT-00167,SKU-0012,LOC-02,230,2025-02-23,2026-02-17,Beverage,3.29,359,756.7,327,True,True,True,True,True,False,0.0,25.59143835616439,5.0,0.5182876712328768,4.6000000000000005,9494.423630136987,0.0,0,8.870544783010155,52.75
LOT-00009,SKU-0009,LOC-02,240,2025-02-18,2025-07-29,Snacks,1.4,161,336.0,124,False,True,True,True,True,True,336.0,25.150684931506852,5.0,0.23013698630136986,4.8,9456.657534246577,0.0,0,4.007843137254901,-1.75
LOT-00075,SKU-0025,LOC-05,188,2025-02-25,2025-04-21,Dairy,9.07,55,1705.16,25,False,False,True,False,False,True,1705.16,24.639589041095892,5.0,1.1679178082191781,3.7600000000000002,9092.008356164384,0.0,0,20.76122288999216,-21.25
LOT-00155,SKU-0050,LOC-02,227,2025-02-11,2025-05-16,Snacks,1.75,94,397.25,50,False,False,True,False,False,True,397.25,24.060445205479454,5.0,0.27208904109589044,4.54,9215.15051369863,0.0,0,4.953150242326332,-25.5
LOT-00112,SKU-0041,LOC-03,228,2024-12-30,2025-12-11,Beverage,1.48,346,337.44,259,False,True,True,True,True,True,337.44,23.955616438356166,5.0,0.23112328767123289,4.5600000000000005,10205.092602739727,0.0,0,4.225814863102999,-5.5
LOT-00123,SKU-0052,LOC-01,212,2025-02-18,2025-08-16,Snacks,1.59,179,337.08000000000004,142,True,True,True,True,True,False,0.0,22.354383561643836,5.0,0.23087671232876716,4.24,8405.248219178082,0.0,0,4.523676518350114,2.75
LOT-00128,SKU-0060,LOC-01,211,2025-01-29,2025-07-23,Snacks,1.12,175,236.32000000000002,118,False,True,True,False,False,True,236.32000000000002,21.90931506849315,5.0,0.16186301369863015,4.22,8676.088767123287,0.0,0,3.2358839050131927,-18.25
LOT-00021,SKU-0039,LOC-02,174,2025-02-25,2025-08-13,Snacks,4.12,169,716.88,139,True,True,True,True,True,False,0.0,19.855068493150686,5.0,0.491013698630137,3.48,7326.520273972603,0.0,0,10.831692677070828,7.25
LOT-00020,SKU-0033,LOC-03,194,2025-02-05,2025-06-13,Snacks,0.61,128,118.34,78,False,False,True,False,False,True,118.34,19.80527397260274,5.0,0.08105479452054795,3.88,7704.251575342466,0.0,0,1.7925528346192552,-23.0
LOT-00065,SKU-0048,LOC-03,135,2025-01-28,2025-06-12,Snacks,1.85,135,249.75,77,False,False,True,False,False,True,249.75,14.355308219178083,5.0,0.17106164383561645,2.7,5699.057363013699,0.0,0,5.219323671497584,-29.25
LOT-00079,SKU-0022,LOC-02,125,2025-02-19,2025-06-14,Snacks,2.94,115,367.5,79,False,True,True,False,False,True,367.5,13.758561643835616,5.0,0.2517123287671233,2.5,5159.460616438356,0.0,0,8.013192283758556,-12.25
LOT-00026,SKU-0013,LOC-03,111,2025-02-10,2025-05-19,Snacks,3.58,98,397.38,53,False,False,True,False,False,True,397.38,12.460890410958905,5.0,0.2721780821917808,2.22,4784.98191780822,0.0,0,9.56705308114704,-25.5
LOT-00084,SKU-0058,LOC-02,99,2025-02-24,2025-04-10,Dairy,4.26,45,421.73999999999995,14,False,False,True,False,False,True,421.73999999999995,11.344315068493152,5.0,0.2888630136986301,1.98,4197.396575342466,0.0,0,11.152898983861324,-24.75
LOT-00018,SKU-0045,LOC-01,80,2025-02-20,2025-04-01,Dairy,11.43,40,914.4,5,False,False,False,False,False,True,914.4,11.13150684931507,5.0,0.6263013698630137,1.6,4163.183561643836,0.0,0,24.643563869062266,-30.0
LOT-00025,SKU-0055,LOC-03,99,2025-02-25,2025-07-13,Snacks,0.91,138,90.09,108,False,True,True,True,True,True,90.09,10.208527397260275,5.0,0.0617054794520548,1.98,3766.946609589041,0.0,0,2.647492527399535,-0.5
LOT-00144,SKU-0035,LOC-01,76,2025-02-10,2025-06-26,Snacks,4.58,136,348.08,91,False,True,True,False,False,True,348.08,8.792054794520547,5.0,0.23841095890410957,1.52,3376.1490410958904,0.0,0,11.87708703374778,-16.0
LOT-00093,SKU-0010,LOC-05,79,2025-02-16,2025-07-09,Snacks,0.71,143,56.089999999999996,104,False,True,True,True,False,True,56.089999999999996,8.09208904109589,5.0,0.038417808219178076,1.58,3058.8096575342465,0.0,0,2.0794383149448343,-8.25
LOT-00111,SKU-0022,LOC-05,71,2025-02-17,2025-06-12,Snacks,2.94,115,208.74,77,False,True,True,False,False,True,208.74,7.81486301369863,5.0,0.14297260273972603,1.42,2946.2033561643834,0.0,0,8.013192283758556,-14.25
